blockType,targetLineLoc,lineSpecs_1,lineSpecs_2,lineSpecs_3,lineSpecs_4,flashLoc,timeIntervalType,distIntervalType,delay,timeInterval,distInterval,targetInterval,fixOn,fixOff,lineOn,lineOff,setOn,setOff,tarOn,saccadeOn,saccadeInRect,feedBackOn,feedBackOff,RT,blockNum
time,upright,1920,0,960,540,left,short,inter,0.734,0.4,8,8,7.5460569858551,8.54606914520264,8.54606914520264,9.27898812294006,9.27898812294006,9.2956531047821,9.69566202163696,10.1770601272583,10.277104139328,10.3789970874786,10.6790001392365,0.481398105621338,9
time,upright,1920,0,960,540,left,long,inter,0.976,1.6,8,8,11.6790130138397,12.6794631481171,12.6794631481171,13.6623640060425,13.6623640060425,13.6790311336517,15.2790501117706,16.3688051700592,16.4688520431519,16.5790660381317,16.8795120716095,1.08975505828857,9
time,upright,1920,0,960,540,left,inter,inter,0.579,0.8,8,8,17.8795001506805,18.8790831565857,18.8790831565857,19.4624209403992,19.4624209403992,19.4790930747986,20.2790949344635,21.155552148819,21.2555930614471,21.3624460697174,21.6624491214752,0.876457214355469,9
time,upright,1920,0,960,540,left,long,long,0.932,1.6,12,12,22.6629030704498,23.6629071235657,23.6629071235657,24.595803976059,24.595803976059,24.6125929355621,26.2125990390778,27.7885050773621,27.8885481357574,27.9962780475616,28.2962739467621,1.5759060382843,9
time,upright,1920,0,960,540,left,inter,long,0.834,0.8,12,12,34.4292371273041,35.4296851158142,35.4296851158142,36.2625889778137,36.2625889778137,36.2792551517487,37.0792629718781,37.8770861625671,37.9771270751953,38.0792770385742,38.3792760372162,0.797823190689087,9
time,upright,1920,0,960,540,left,long,short,0.643,1.6,6,6,39.3797240257263,40.3797199726105,40.3797199726105,41.0293071269989,41.0293071269989,41.0459721088409,42.6459910869598,44.1968240737915,44.2968690395355,44.413115978241,44.7131330966949,1.55083298683167,9
time,upright,1920,0,960,540,left,short,short,0.768,0.4,6,6,45.7131209373474,46.7131321430206,46.7131321430206,47.4793720245361,47.4793720245361,47.4960379600525,47.8960399627686,48.6068210601807,48.7068829536438,48.812714099884,49.1128239631653,0.710781097412109,9
time,upright,1920,0,960,540,left,inter,short,0.707,0.8,6,6,50.1129410266876,51.1130881309509,51.1130881309509,51.8131861686707,51.8131861686707,51.8298580646515,52.6294181346893,53.3215250968933,53.4215660095215,53.529433965683,53.829430103302,0.692106962203979,9
time,upright,1920,0,960,540,left,inter,long,0.867,0.8,12,12,54.8298630714417,55.8298890590668,55.8298890590668,56.6961309909821,56.6961309909821,56.7127959728241,57.5128049850464,58.6864321231842,58.7864761352539,58.8966000080109,59.1966049671173,1.17362713813782,9
time,upright,1920,0,960,540,left,long,inter,0.746,1.6,8,8,68.4629149436951,69.4633660316467,69.4633660316467,70.2129299640656,70.2129299640656,70.2296040058136,71.8296160697937,72.6510939598083,72.7511370182037,72.8629570007324,73.1629559993744,0.821477890014648,9
time,upright,1920,0,960,540,left,long,long,0.649,1.6,12,12,74.1633801460266,75.1634020805359,75.1634020805359,75.8134181499481,75.8134181499481,75.8300709724426,77.4296741485596,78.5376591682434,78.6377060413361,78.746346950531,79.0468010902405,1.10798501968384,9
time,upright,1920,0,960,540,left,long,inter,0.503,1.6,8,8,80.046795129776,81.04678606987,81.04678606987,81.5468089580536,81.5468089580536,81.5634829998016,83.163064956665,84.3605501651764,84.4605929851532,84.5630710124969,84.8635239601135,1.19748520851135,9
time,upright,1920,0,960,540,left,long,short,0.51,1.6,6,6,85.8631539344788,86.8631601333618,86.8631601333618,87.3797740936279,87.3797740936279,87.3964409828186,88.9964570999146,89.2913250923157,89.3913660049438,89.496463060379,89.7964661121368,0.294867992401123,9
time,upright,1920,0,960,540,left,inter,inter,0.728,0.8,8,8,90.7964751720428,91.7969090938568,91.7969090938568,92.5298261642456,92.5298261642456,92.546492099762,93.3465001583099,94.0612030029297,94.1612460613251,94.2631709575653,94.5631799697876,0.714702844619751,9
time,upright,1920,0,960,540,left,short,short,0.9,0.4,6,6,95.5636200904846,96.5636279582977,96.5636279582977,97.4632091522217,97.4632091522217,97.479875087738,97.8798799514771,98.6240401268005,98.7240829467773,98.8298900127411,99.1300070285797,0.744160175323486,9
time,upright,1920,0,960,540,left,inter,short,0.823,0.8,6,6,100.130326986313,101.130355119705,101.130355119705,101.946587085724,101.946587085724,101.963253974915,102.763262033463,103.467909097672,103.567950963974,103.679929971695,103.979941129684,0.704647064208984,9
time,upright,1920,0,960,540,left,inter,long,0.73,0.8,12,12,109.613322973251,110.613763093948,110.613763093948,111.346682071686,111.346682071686,111.363348960876,112.163357019424,112.85461807251,112.954658985138,113.063357114792,113.363368988037,0.691261053085327,9
time,upright,1920,0,960,540,left,long,inter,0.617,1.6,8,8,118.496745109558,119.497171163559,119.497171163559,120.113430976868,120.113430976868,120.130213022232,121.730229139328,122.591395139694,122.691436052322,122.796797990799,123.096801042557,0.861166000366211,9
time,upright,1920,0,960,540,left,short,long,0.595,0.4,12,12,124.097243070602,125.097243070602,125.097243070602,125.697251081467,125.697251081467,125.713930130005,126.113497972488,127.562186956406,127.662235021591,127.763514995575,128.063962936401,1.44868898391724,9
time,upright,1920,0,960,540,left,short,long,0.912,0.4,12,12,129.063954114914,130.063971042633,130.063971042633,130.980204105377,130.980204105377,130.996880054474,131.396883964539,132.054000139236,132.154042005539,132.263560056686,132.563563108444,0.657116174697876,9
time,upright,1920,0,960,540,left,short,long,0.543,0.4,12,12,133.56400513649,134.5640001297,134.5640001297,135.113588094711,135.113588094711,135.13037109375,135.530259132385,136.426882982254,136.526926994324,136.630385160446,136.930729150772,0.896623849868774,9
time,upright,1920,0,960,540,left,long,long,0.728,1.6,12,12,137.93069601059,138.930284023285,138.930284023285,139.663634061813,139.663634061813,139.68029999733,141.280315160751,141.44873213768,141.548772096634,141.663655042648,141.963648080826,0.168416976928711,9
time,upright,1920,0,960,540,left,inter,long,0.985,0.8,12,12,142.964076042175,143.963678121567,143.963678121567,144.947020053864,144.947020053864,144.963686943054,145.763695001602,146.715631008148,146.815674066544,146.930375099182,147.230376958847,0.951936006546021,9
time,upright,1920,0,960,540,left,long,inter,0.909,1.6,8,8,148.231022119522,149.230813980103,149.230813980103,150.147181987762,150.147181987762,150.163731098175,151.763756036758,152.807382106781,152.907425165176,153.013770103455,153.31377196312,1.04362607002258,9
time,upright,1920,0,960,540,left,inter,short,0.915,0.8,6,6,154.314191102982,155.314218044281,155.314218044281,156.23046708107,156.23046708107,156.247133970261,157.047142982483,158.553117990494,158.653161048889,158.763827085495,159.064253091812,1.50597500801086,9
time,upright,1920,0,960,540,left,inter,short,0.762,0.8,6,6,165.880983114243,166.880579948425,166.880579948425,167.647362947464,167.647362947464,167.663917064667,168.46392416954,169.373917102814,169.473960161209,169.580603122711,169.881050109863,0.909992933273315,9
time,upright,1920,0,960,540,left,short,long,0.616,0.4,12,12,170.881044149399,171.880686044693,171.880686044693,172.497298002243,172.497298002243,172.513965129852,172.913968086243,173.759772062302,173.859814167023,173.963981151581,174.263983011246,0.84580397605896,9
time,upright,1920,0,960,540,left,short,inter,0.528,0.4,8,8,175.264417171478,176.264439105988,176.264439105988,176.79775094986,176.79775094986,176.814435958862,177.21401309967,177.743473052979,177.843513965607,177.947354078293,178.247475147247,0.529459953308105,9
time,upright,1920,0,960,540,left,inter,long,0.873,0.8,12,12,179.247792959213,180.247792005539,180.247792005539,181.114052057266,181.114052057266,181.130710124969,181.930721998215,182.907434940338,183.007476091385,183.114073038101,183.414075136185,0.976712942123413,9
time,upright,1920,0,960,540,left,short,short,0.513,0.4,6,6,188.847458124161,189.847897052765,189.847897052765,190.364145040512,190.364145040512,190.380812168121,190.780816078186,191.420081138611,191.520122051239,191.630825996399,191.930829048157,0.639265060424805,9
time,upright,1920,0,960,540,left,inter,long,0.972,0.8,12,12,192.931262016296,193.930839061737,193.930839061737,194.897525072098,194.897525072098,194.914191961288,195.714200019836,196.570959091187,196.671002149582,196.780878067017,197.080882072449,0.856759071350098,9
time,upright,1920,0,960,540,left,long,long,0.947,1.6,12,12,198.081311941147,199.081326007843,199.081326007843,200.030909061432,200.030909061432,200.047577142715,201.647706031799,203.112717151642,203.212759971619,203.33137512207,203.631395101547,1.46501111984253,9
time,upright,1920,0,960,540,left,short,long,0.894,0.4,12,12,204.631371974945,205.631379127502,205.631379127502,206.530967950821,206.530967950821,206.547642946243,206.947646141052,207.866507053375,207.966550111771,208.080991983414,208.380995035172,0.918860912322998,9
time,upright,1920,0,960,540,left,inter,inter,0.586,0.8,8,8,209.381417036057,210.381447076797,210.381447076797,210.964354038239,210.964354038239,210.981021165848,211.781028032303,212.718399047852,212.818441152573,212.931041002274,213.231043100357,0.937371015548706,9
time,upright,1920,0,960,540,left,long,long,0.825,1.6,12,12,214.231467008591,215.231475114822,215.231475114822,216.06440615654,216.06440615654,216.081067085266,217.681087970734,219.307316064835,219.40735912323,219.514886140823,219.814877033234,1.62622809410095,9
time,upright,1920,0,960,540,left,short,inter,0.708,0.4,8,8,220.814885139465,221.814885139465,221.814885139465,222.514471054077,222.514471054077,222.531137943268,222.931142091751,223.928101062775,224.028143167496,224.131154060364,224.431157112122,0.99695897102356,9
time,upright,1920,0,960,540,left,short,short,0.911,0.4,6,6,236.998373985291,237.997961044312,237.997961044312,238.914637088776,238.914637088776,238.931293964386,239.331306934357,240.082687139511,240.182728052139,240.29798412323,240.597986936569,0.751380205154419,9
time,upright,1920,0,960,540,left,short,long,0.508,0.4,12,12,241.598422050476,242.598421096802,242.598421096802,243.098004102707,243.098004102707,243.114670991898,243.514683008194,244.045254945755,244.145297050476,244.248028039932,244.548027992249,0.530571937561035,9
time,upright,1920,0,960,540,left,inter,short,0.722,0.8,6,6,245.548470973969,246.548470973969,246.548470973969,247.264713048935,247.264713048935,247.281388044357,248.081396102905,248.998245000839,249.09829211235,249.214741945267,249.514744997025,0.91684889793396,9
time,upright,1920,0,960,540,left,short,short,0.889,0.4,6,6,250.515189170837,251.515177965164,251.515177965164,252.398107051849,252.398107051849,252.41477394104,252.814777135849,253.400089979172,253.500133037567,253.61477804184,253.914790153503,0.585312843322754,9
time,upright,1920,0,960,540,left,short,short,0.553,0.4,6,6,254.915213108063,255.914808988571,255.914808988571,256.464812040329,256.464812040329,256.481477022171,256.881483078003,257.573882102966,257.673923969269,257.781490087509,258.081493139267,0.692399024963379,9
time,upright,1920,0,960,540,left,short,inter,0.76,0.4,8,8,265.715327978134,266.715345144272,266.715345144272,267.481585979462,267.481585979462,267.498253107071,267.89825797081,268.408581018448,268.508620977402,268.614932060242,268.914937019348,0.510323047637939,9
time,upright,1920,0,960,540,left,short,inter,0.67,0.4,8,8,269.915368080139,270.914956092834,270.914956092834,271.581628084183,271.581628084183,271.598293066025,271.998298168182,272.439453125,272.539494037628,272.648422956467,272.948307991028,0.441154956817627,9
time,downright,1920,1080,960,540,left,long,inter,0.588,1.6,8,8,6.6273341178894,7.62734198570251,7.62734198570251,8.21037006378174,8.21037006378174,8.22691822052002,9.82703804969788,11.7284500598907,11.8285081386566,11.9440820217133,12.2440791130066,1.90141201019287,10
time,downright,1920,1080,960,540,left,long,inter,0.641,1.6,8,8,13.2440521717072,14.2440590858459,14.2440590858459,14.8769810199738,14.8769810199738,14.893648147583,16.4936680793762,18.0811049938202,18.1811652183533,18.2941222190857,18.5941441059113,1.58743691444397,10
time,downright,1920,1080,960,540,left,short,long,0.79,0.4,12,12,19.5941121578217,20.5941400527954,20.5941400527954,21.3770520687103,21.3770520687103,21.3937201499939,21.7937231063843,22.5919771194458,22.6920289993286,22.7937331199646,23.0937361717224,0.798254013061523,10
time,downright,1920,1080,960,540,left,long,long,0.69,1.6,12,12,24.0941619873047,25.0941710472107,25.0941710472107,25.7775042057037,25.7775042057037,25.7941961288452,27.3937680721283,28.8399360179901,28.9399900436401,29.0442380905151,29.3442401885986,1.44616794586182,10
time,downright,1920,1080,960,540,left,long,long,0.909,1.6,12,12,30.3442270755768,31.3442389965057,31.3442389965057,32.260488986969,32.260488986969,32.2771580219269,33.8771650791168,36.0685770511627,36.1686310768127,36.277626991272,36.5776481628418,2.1914119720459,10
time,downright,1920,1080,960,540,left,short,short,0.777,0.4,6,6,37.5776340961456,38.577691078186,38.577691078186,39.3605601787567,39.3605601787567,39.3772270679474,39.7772312164307,40.4143891334534,40.5144381523132,40.6272401809692,40.9272429943085,0.637157917022705,10
time,downright,1920,1080,960,540,left,long,short,0.833,1.6,6,6,45.7106261253357,46.7110440731049,46.7110440731049,47.5439741611481,47.5439741611481,47.5606319904327,49.1606562137604,49.8120810985565,49.9121301174164,50.0273270606995,50.3273351192474,0.651424884796143,10
time,downright,1920,1080,960,540,left,inter,inter,0.811,0.8,8,8,51.327760219574,52.3277821540833,52.3277821540833,53.1440200805664,53.1440200805664,53.1606950759888,53.9607031345367,54.8309512138367,54.9310011863708,55.0440480709076,55.3441700935364,0.870248079299927,10
time,downright,1920,1080,960,540,left,inter,short,0.854,0.8,6,6,65.5941820144653,66.5945770740509,66.5945770740509,67.4441690444946,67.4441690444946,67.4608361721039,68.2608380317688,68.8774161338806,68.9774641990662,69.0941801071167,69.3941841125488,0.616578102111816,10
time,downright,1920,1080,960,540,left,short,inter,0.772,0.4,8,8,70.3946170806885,71.394632101059,71.394632101059,72.1608819961548,72.1608819961548,72.177549123764,72.5775530338287,73.0542650222778,73.1543140411377,73.2608931064606,73.5608961582184,0.476711988449097,10
time,downright,1920,1080,960,540,left,long,long,0.833,1.6,12,12,87.9281301498413,88.9277040958405,88.9277040958405,89.7610540390015,89.7610540390015,89.777722120285,91.3777379989624,91.6826109886169,91.7826571464539,91.8944101333618,92.1944131851196,0.304872989654541,10
time,downright,1920,1080,960,540,left,inter,long,0.844,0.8,12,12,93.1948471069336,94.1948602199554,94.1948602199554,95.0444412231445,95.0444412231445,95.0611081123352,95.8611071109772,96.642688035965,96.7427401542664,96.8444621562958,97.1444621086121,0.781580924987793,10
time,downright,1920,1080,960,540,left,inter,inter,0.7,0.8,8,8,98.1448981761932,99.1448991298676,99.1448991298676,99.8445971012115,99.8445971012115,99.8611550331116,100.66116309166,101.275504112244,101.375554084778,101.47783613205,101.777841091156,0.614341020584106,10
time,downright,1920,1080,960,540,left,long,short,0.56,1.6,6,6,102.77826499939,103.778303146362,103.778303146362,104.344648122787,104.344648122787,104.361199140549,105.961207151413,106.167312145233,106.267360210419,106.377879142761,106.677890062332,0.20610499382019,10
time,downright,1920,1080,960,540,left,short,inter,0.685,0.4,8,8,112.644606113434,113.645056009293,113.645056009293,114.327965021133,114.327965021133,114.344747066498,114.744635105133,115.586962223053,115.68701505661,115.794638156891,116.094646215439,0.842327117919922,10
time,downright,1920,1080,960,540,left,short,long,0.794,0.4,12,12,117.095096111298,118.095085144043,118.095085144043,118.894669055939,118.894669055939,118.911334991455,119.311348199844,120.055806159973,120.155857086182,120.26135802269,120.561362028122,0.744457960128784,10
time,downright,1920,1080,960,540,left,inter,short,0.748,0.8,6,6,121.56178021431,122.561810016632,122.561810016632,123.311388015747,123.311388015747,123.328054189682,124.128062009811,124.986552000046,125.086602210999,125.194740056992,125.494743108749,0.858489990234375,10
time,downright,1920,1080,960,540,left,short,short,0.716,0.4,6,6,126.495179176331,127.49517416954,127.49517416954,128.211529016495,128.211529016495,128.22821521759,128.628107070923,129.120433092117,129.220483064651,129.328125,129.628117084503,0.492326021194458,10
time,downright,1920,1080,960,540,left,short,short,0.727,0.4,6,6,130.628558158875,131.62856221199,131.62856221199,132.361477136612,132.361477136612,132.378144025803,132.778148174286,133.707448005676,133.807500123978,133.911494016647,134.211598157883,0.929299831390381,10
time,downright,1920,1080,960,540,left,short,long,0.711,0.4,12,12,135.211843013763,136.212000131607,136.212000131607,136.928189992905,136.928189992905,136.944847106934,137.344860076904,137.757120132446,137.857166051865,137.961534023285,138.26152920723,0.412260055541992,10
time,downright,1920,1080,960,540,left,long,short,0.71,1.6,6,6,139.261958122253,140.261985063553,140.261985063553,140.978229045868,140.978229045868,140.994897127151,142.594913005829,144.288982152939,144.389031171799,144.495383024216,144.795366048813,1.69406914710999,10
time,downright,1920,1080,960,540,left,long,inter,0.79,1.6,8,8,145.795370101929,146.795369148254,146.795369148254,147.57829618454,147.57829618454,147.59496307373,149.194977998734,150.519859075546,150.619912147522,150.728327989578,151.028773069382,1.32488107681274,10
time,downright,1920,1080,960,540,left,long,long,0.642,1.6,12,12,152.028768062592,153.028764009476,153.028764009476,153.678786039352,153.678786039352,153.695430040359,155.295039176941,156.334674119949,156.434728145599,156.545053005219,156.845502138138,1.03963494300842,10
time,downright,1920,1080,960,540,left,long,long,0.61,1.6,12,12,161.511759996414,162.512196063995,162.512196063995,163.128444194794,163.128444194794,163.14511013031,164.74513220787,166.873249053955,166.973303079605,167.07893204689,167.378940105438,2.12811684608459,10
time,downright,1920,1080,960,540,left,inter,long,0.937,0.8,12,12,168.378917217255,169.378928184509,169.378928184509,170.311853170395,170.311853170395,170.328518152237,171.128527164459,172.696104049683,172.7961602211,172.912317991257,173.212311029434,1.56757688522339,10
time,downright,1920,1080,960,540,left,inter,inter,0.845,0.8,8,8,174.212327003479,175.212313175201,175.212313175201,176.061906099319,176.061906099319,176.078579187393,176.878585100174,178.19503903389,178.29508805275,178.41193318367,178.711933135986,1.31645393371582,10
time,downright,1920,1080,960,540,left,long,inter,0.946,1.6,8,8,189.529131174088,190.529144048691,190.529144048691,191.478733062744,191.478733062744,191.495398044586,193.095418214798,195.183432102203,195.283487081528,195.395891189575,195.695886135101,2.0880138874054,10
time,downright,1920,1080,960,540,left,inter,long,0.572,0.8,12,12,196.695860147476,197.695875167847,197.695875167847,198.262137174606,198.262137174606,198.278795003891,199.078802108765,200.978260040283,201.078313112259,201.195949077606,201.495940208435,1.89945793151855,10
time,downright,1920,1080,960,540,left,inter,inter,0.935,0.8,8,8,202.495938062668,203.495950222015,203.495950222015,204.428865194321,204.428865194321,204.445532083511,205.245540142059,206.861932039261,206.961986064911,207.079342126846,207.379315137863,1.61639189720154,10
time,downright,1920,1080,960,540,left,long,short,0.669,1.6,6,6,208.379331111908,209.379340171814,209.379340171814,210.045579195023,210.045579195023,210.062254190445,211.662271022797,213.458734035492,213.558794021606,213.662921190262,213.962738037109,1.79646301269531,10
time,downright,1920,1080,960,540,left,short,inter,0.96,0.4,8,8,214.962718009949,215.962306022644,215.962306022644,216.928990125656,216.928990125656,216.945657014847,217.34566116333,218.728629112244,218.828682184219,218.946128129959,219.246100187302,1.38296794891357,10
time,downright,1920,1080,960,540,left,long,long,0.529,1.6,12,12,220.24610710144,221.246140003204,221.246140003204,221.779481172562,221.779481172562,221.796119213104,223.395722150803,224.73633813858,224.836391210556,224.946188211441,225.246190071106,1.34061598777771,10
time,downright,1920,1080,960,540,left,short,short,0.746,0.4,6,6,241.17967414856,242.179663181305,242.179663181305,242.929252147675,242.929252147675,242.945919036865,243.345923185349,244.04682803154,244.1468770504,244.262600183487,244.562602996826,0.700904846191406,10
time,downright,1920,1080,960,540,left,inter,long,0.736,0.8,12,12,249.479309082031,250.479753017426,250.479753017426,251.21266913414,251.21266913414,251.229336023331,252.029344081879,253.08257818222,253.182628154755,253.296024084091,253.596027135849,1.0532341003418,10
time,downright,1920,1080,960,540,left,short,long,0.746,0.4,12,12,254.59646320343,255.596479177475,255.596479177475,256.346055030823,256.346055030823,256.362711191177,256.762725114822,257.614300012589,257.714351177216,257.829395055771,258.12940621376,0.851574897766113,10
time,downright,1920,1080,960,540,left,inter,long,0.624,0.8,12,12,259.129841089249,260.129851102829,260.129851102829,260.746515989304,260.746515989304,260.763194084167,261.562772989273,262.272070169449,262.372125148773,262.479449987411,262.779446125031,0.709297180175781,10
time,downright,1920,1080,960,540,left,short,short,0.828,0.4,6,6,263.779868125916,264.779901027679,264.779901027679,265.612814188004,265.612814188004,265.629481077194,266.029484987259,266.717969179153,266.818020105362,266.929486989975,267.22949719429,0.688484191894531,10
time,downright,1920,1080,960,540,left,inter,short,0.629,0.8,6,6,268.229942083359,269.229942083359,269.229942083359,269.862858057022,269.862858057022,269.879523038864,270.679522037506,271.463937044144,271.563990116119,271.679536104202,271.979966163635,0.784415006637573,10
time,downright,1920,1080,960,540,left,long,inter,0.818,1.6,8,8,272.979971170425,273.979556083679,273.979556083679,274.79623913765,274.79623913765,274.81290602684,276.41292309761,276.413281202316,276.51332616806,276.629592180252,276.929586172104,0.000358104705810547,10
time,downright,1920,1080,960,540,left,inter,short,0.569,0.8,6,6,277.930029153824,278.929615020752,278.929615020752,279.496287107468,279.496287107468,279.512953996658,280.312961101532,281.062543153763,281.162593126297,281.279639005661,281.579642057419,0.749582052230835,10
time,upright,1920,0,960,540,left,inter,long,0.677,0.8,12,12,8.77994394302368,9.77997398376465,9.77997398376465,10.4628729820251,10.4628729820251,10.4795389175415,11.2795870304108,12.4199318885803,12.5199749469757,12.6296010017395,12.929615020752,1.14034485816956,11
time,upright,1920,0,960,540,left,short,short,0.746,0.4,6,6,13.9300098419189,14.9300169944763,14.9300169944763,15.6796309947968,15.6796309947968,15.6962978839874,16.0963118076324,16.7527678012848,16.8528118133545,16.962975025177,17.2629790306091,0.656455993652344,11
time,upright,1920,0,960,540,left,inter,long,0.853,0.8,12,12,24.5634288787842,25.5634608268738,25.5634608268738,26.4130699634552,26.4130699634552,26.4297358989716,27.2297439575195,28.8324098587036,28.9324538707733,29.0464279651642,29.3471179008484,1.60266590118408,11
time,upright,1920,0,960,540,left,short,short,0.88,0.4,6,6,34.1131439208984,35.1135318279266,35.1135318279266,35.9965808391571,35.9965808391571,36.0131738185883,36.4131319522858,37.3240489959717,37.4240939617157,37.5298068523407,37.8298089504242,0.910917043685913,11
time,upright,1920,0,960,540,left,long,short,0.502,1.6,6,6,38.8302528858185,39.8302748203278,39.8302748203278,40.3298349380493,40.3298349380493,40.3465008735657,41.9465219974518,43.6378939151764,43.7379388809204,43.8469889163971,44.1469748020172,1.69137191772461,11
time,upright,1920,0,960,540,left,long,long,0.547,1.6,12,12,45.1469659805298,46.1469919681549,46.1469919681549,46.6965658664703,46.6965658664703,46.7132339477539,48.3132498264313,49.8545758724213,49.954619884491,50.0632660388947,50.3637900352478,1.54132604598999,11
time,upright,1920,0,960,540,left,short,short,0.674,0.4,6,6,51.3639948368073,52.3634078502655,52.3634078502655,53.0299580097198,53.0299580097198,53.0466239452362,53.4466309547424,54.340500831604,54.4405429363251,54.5466389656067,54.846647977829,0.893869876861572,11
time,upright,1920,0,960,540,left,long,short,0.899,1.6,6,6,55.8470628261566,56.8470859527588,56.8470859527588,57.7466688156128,57.7466688156128,57.7633428573608,59.3634698390961,60.4282829761505,60.528324842453,60.6300339698792,60.930037021637,1.06481313705444,11
time,upright,1920,0,960,540,left,inter,short,0.874,0.8,6,6,65.8639869689941,66.8638868331909,66.8638868331909,67.7301018238068,67.7301018238068,67.7468729019165,68.5467789173126,69.3750419616699,69.4750838279724,69.5801258087158,69.8802399635315,0.8282630443573,11
time,upright,1920,0,960,540,left,long,inter,0.79,1.6,8,8,70.8805689811707,71.8805890083313,71.8805890083313,72.6634838581085,72.6634838581085,72.6801500320435,74.2801690101624,75.858815908432,75.9588680267334,76.0635199546814,76.3639748096466,1.57864689826965,11
time,upright,1920,0,960,540,left,long,inter,0.566,1.6,8,8,77.3639998435974,78.363657951355,78.363657951355,78.9302139282227,78.9302139282227,78.9468789100647,80.5468969345093,82.4866378307343,82.5866830348969,82.6973550319672,82.997368812561,1.93974089622498,11
time,upright,1920,0,960,540,left,short,long,0.557,0.4,12,12,83.9973568916321,84.9973788261414,84.9973788261414,85.5469470024109,85.5469470024109,85.5636129379272,85.9636199474335,87.3295259475708,87.4295699596405,87.5474209785461,87.8474159240723,1.36590600013733,11
time,upright,1920,0,960,540,left,short,inter,0.537,0.4,8,8,93.4974579811096,94.4974570274353,94.4974570274353,95.0308079719543,95.0308079719543,95.0474679470062,95.4470429420471,96.3421828746796,96.442225933075,96.5470588207245,96.8470568656921,0.895139932632446,11
time,upright,1920,0,960,540,left,inter,short,0.729,0.8,6,6,97.8474938869476,98.8474969863892,98.8474969863892,99.5804178714752,99.5804178714752,99.5970828533173,100.397097826004,100.986075878143,101.086118936539,101.197100877762,101.49710893631,0.588978052139282,11
time,upright,1920,0,960,540,left,short,inter,0.872,0.4,8,8,102.497547864914,103.49754691124,103.49754691124,104.363937854767,104.363937854767,104.380463838577,104.780468940735,105.426832914352,105.526875019073,105.630481958389,105.930481910706,0.646363973617554,11
time,upright,1920,0,960,540,left,long,inter,0.911,1.6,8,8,106.930932998657,107.930938005447,107.930938005447,108.847179889679,108.847179889679,108.863844871521,110.463860988617,112.596670866013,112.696715831757,112.814317941666,113.114326953888,2.13280987739563,11
time,upright,1920,0,960,540,left,inter,long,0.752,0.8,12,12,114.114331007004,115.114331960678,115.114331960678,115.863911867142,115.863911867142,115.880697011948,116.680591821671,118.489401817322,118.589445829391,118.697727918625,118.997720956802,1.80880999565125,11
time,upright,1920,0,960,540,left,short,long,0.996,0.4,12,12,119.997707843781,120.997723817825,120.997723817825,121.997308969498,121.997308969498,122.013980865479,122.41398191452,123.085194826126,123.185246944427,123.297319889069,123.597323894501,0.671212911605835,11
time,upright,1920,0,960,540,left,long,short,0.87,1.6,6,6,124.597748994827,125.597766876221,125.597766876221,126.464057922363,126.464057922363,126.48072385788,128.080739974976,129.911998033524,130.0120408535,130.114106893539,130.414490938187,1.83125805854797,11
time,upright,1920,0,960,540,left,short,long,0.521,0.4,12,12,136.447948932648,137.447500944138,137.447500944138,137.964171886444,137.964171886444,137.980839967728,138.380841970444,139.603647947311,139.703691959381,139.814189910889,140.114193916321,1.22280597686768,11
time,upright,1920,0,960,540,left,inter,inter,0.643,0.8,8,8,141.114594936371,142.114585876465,142.114585876465,142.764220952988,142.764220952988,142.780884981155,143.580893993378,145.071506023407,145.171550035477,145.280910968781,145.581318855286,1.4906120300293,11
time,upright,1920,0,960,540,left,short,short,0.776,0.4,6,6,150.631366014481,151.631369829178,151.631369829178,152.414283037186,152.414283037186,152.430950880051,152.830945968628,153.539242982864,153.639282941818,153.747622966766,154.047633886337,0.70829701423645,11
time,upright,1920,0,960,540,left,inter,inter,0.872,0.8,8,8,158.647670984268,159.648103952408,159.648103952408,160.51447892189,160.51447892189,160.53102183342,161.331038951874,162.288942813873,162.388984918594,162.497717857361,162.797720909119,0.957903861999512,11
time,upright,1920,0,960,540,left,short,long,0.831,0.4,12,12,163.798161029816,164.79816699028,164.79816699028,165.631081819534,165.631081819534,165.647748947144,166.047752857208,166.644774913788,166.744817018509,166.847752809525,167.147764921188,0.59702205657959,11
time,upright,1920,0,960,540,left,long,short,0.524,1.6,6,6,168.148202896118,169.148208856583,169.148208856583,169.664455890656,169.664455890656,169.681123018265,171.281137943268,172.252566814423,172.352608919144,172.464484930038,172.76447892189,0.971428871154785,11
time,upright,1920,0,960,540,left,long,long,0.996,1.6,12,12,173.764930009842,174.764925003052,174.764925003052,175.764516830444,175.764516830444,175.781181812286,177.381309986115,179.244392871857,179.344436883926,179.447883844376,179.748319864273,1.86308288574219,11
time,upright,1920,0,960,540,left,short,short,0.8,0.4,6,6,180.748324871063,181.748335838318,181.748335838318,182.547917842865,182.547917842865,182.564584970474,182.964588880539,183.639309883118,183.739351034164,183.847932815552,184.147933959961,0.674721002578735,11
time,upright,1920,0,960,540,left,inter,long,0.533,0.8,12,12,185.148380994797,186.14837884903,186.14837884903,186.681293010712,186.681293010712,186.697950839996,187.497967004776,188.506068944931,188.606109857559,188.714646816254,189.014640808105,1.00810194015503,11
time,upright,1920,0,960,540,left,inter,inter,0.57,0.8,8,8,199.665175914764,200.665195941925,200.665195941925,201.231873035431,201.231873035431,201.24853682518,202.048113822937,202.943642854691,203.043685913086,203.148124933243,203.448558807373,0.89552903175354,11
time,upright,1920,0,960,540,left,inter,short,0.829,0.8,6,6,204.448562860489,205.448138952255,205.448138952255,206.28147983551,206.28147983551,206.298156023026,207.09815788269,208.395445823669,208.495489835739,208.5986328125,208.898633003235,1.297287940979,11
time,upright,1920,0,960,540,left,long,inter,0.537,1.6,8,8,209.898636817932,210.898654937744,210.898654937744,211.431531906128,211.431531906128,211.448207855225,213.048223972321,213.217324972153,213.317364931107,213.431561946869,213.731563806534,0.169100999832153,11
time,upright,1920,0,960,540,left,inter,long,0.551,0.8,12,12,214.732007980347,215.732002973557,215.732002973557,216.282006978989,216.282006978989,216.298666954041,217.098263978958,217.91615486145,218.016196012497,218.131603956223,218.432030916214,0.817890882492065,11
time,upright,1920,0,960,540,left,long,long,0.924,1.6,12,12,219.43205499649,220.431630849838,220.431630849838,221.348306894302,221.348306894302,221.364974021912,222.965021848679,224.999815940857,225.099861860275,225.21546792984,225.515451908112,2.03479409217834,11
time,upright,1920,0,960,540,left,inter,inter,0.664,0.8,8,8,226.515456914902,227.515067815781,227.515067815781,228.181741952896,228.181741952896,228.198407888412,228.998414993286,230.938660860062,231.038705825806,231.148847818375,231.448854923248,1.94024586677551,11
time,upright,1920,0,960,540,left,inter,long,0.785,0.8,12,12,237.265548944473,238.265573978424,238.265573978424,239.048484802246,239.048484802246,239.065151929855,239.865160942078,241.495301961899,241.595345973969,241.698943853378,241.998955965042,1.63014101982117,11
time,upright,1920,0,960,540,left,long,short,0.814,1.6,6,6,242.998948812485,243.998955965042,243.998955965042,244.815208911896,244.815208911896,244.831876993179,246.431891918182,247.035219907761,247.135262012482,247.248569011688,247.548686981201,0.603327989578247,11
time,upright,1920,0,960,540,left,long,inter,0.587,1.6,8,8,248.548985958099,249.549018859863,249.549018859863,250.132365942001,250.132365942001,250.149006843567,251.748605966568,252.989920854568,253.089963912964,253.198619842529,253.499068975449,1.24131488800049,11
time,upright,1920,0,960,540,left,inter,inter,0.674,0.8,8,8,260.632459878922,261.632480859756,261.632480859756,262.299129009247,262.299129009247,262.315812826157,263.115384817123,264.133744955063,264.233786821365,264.349175930023,264.649189949036,1.01836013793945,11
time,upright,1920,0,960,540,left,long,long,0.718,1.6,12,12,265.649175882339,266.649209976196,266.649209976196,267.365432977676,267.365432977676,267.382097959518,268.982111930847,270.093356847763,270.193399906158,270.298791885376,270.599232912064,1.11124491691589,11
time,upright,1920,0,960,540,left,inter,short,0.808,0.8,6,6,271.599220991135,272.599254846573,272.599254846573,273.398941993713,273.398941993713,273.415493011475,274.215498924255,274.909382820129,275.00942492485,275.115510940552,275.415632963181,0.693883895874023,11
time,upright,1920,0,960,540,left,short,inter,0.705,0.4,8,8,276.415940999985,277.415650844574,277.415650844574,278.115538835526,278.115538835526,278.13220500946,278.532330036163,279.2070748806,279.307116985321,279.415555953979,279.715553998947,0.674744844436646,11
time,upright,1920,0,960,540,left,inter,inter,0.985,0.8,8,8,284.115599870682,285.116044998169,285.116044998169,286.098953008652,286.098953008652,286.115618944168,286.915740013123,287.672822952271,287.772864818573,287.882303953171,288.182309865952,0.757082939147949,11
time,downright,1920,1080,960,540,left,inter,long,0.766,0.8,12,12,2.46996688842773,3.46997499465942,3.46997499465942,4.23620796203613,4.23620796203613,4.25287485122681,5.0529990196228,6.03367495536804,6.13372087478638,6.23622894287109,6.53622984886169,0.980675935745239,12
time,downright,1920,1080,960,540,left,long,long,0.915,1.6,12,12,7.53667998313904,8.53666687011719,8.53666687011719,9.45292592048645,9.45292592048645,9.46959090232849,11.0696020126343,13.1925358772278,13.2925908565521,13.4034039974213,13.7034139633179,2.12293386459351,12
time,downright,1920,1080,960,540,left,inter,inter,0.95,0.8,8,8,14.7034759521484,15.7029860019684,15.7029860019684,16.6529920101166,16.6529920101166,16.6696560382843,17.4696669578552,18.3981809616089,18.4982349872589,18.6034679412842,18.9034688472748,0.928514003753662,12
time,downright,1920,1080,960,540,left,short,long,0.546,0.4,12,12,19.903440952301,20.903470993042,20.903470993042,21.453449010849,21.453449010849,21.4701390266418,21.8697068691254,22.8140549659729,22.9140980243683,23.0197179317474,23.3197228908539,0.944348096847534,12
time,downright,1920,1080,960,540,left,short,short,0.932,0.4,6,6,24.3201649188995,25.3201630115509,25.3201630115509,26.2530879974365,26.2530879974365,26.2697529792786,26.6697509288788,27.3778638839722,27.4779078960419,27.5864310264587,27.8864369392395,0.708112955093384,12
time,downright,1920,1080,960,540,left,inter,short,0.62,0.8,6,6,28.8868780136108,29.8868818283081,29.8868818283081,30.503545999527,30.503545999527,30.5202209949493,31.3198049068451,32.1538579463959,32.2539069652557,32.3698108196259,32.6702568531036,0.834053039550781,12
time,downright,1920,1080,960,540,left,long,inter,0.818,1.6,8,8,38.870285987854,39.8703188896179,39.8703188896179,40.6866028308868,40.6866028308868,40.7032599449158,42.3032758235931,43.8655710220337,43.9656150341034,44.070375919342,44.3703598976135,1.56229519844055,12
time,downright,1920,1080,960,540,left,short,inter,0.914,0.4,8,8,45.3703508377075,46.3703818321228,46.3703818321228,47.2866549491882,47.2866549491882,47.3033249378204,47.7034080028534,48.6561889648438,48.7562530040741,48.8700048923492,49.1700079441071,0.952780961990356,12
time,downright,1920,1080,960,540,left,inter,inter,0.914,0.8,8,8,55.9371409416199,56.9371309280396,56.9371309280396,57.8534250259399,57.8534250259399,57.8701019287109,58.6701228618622,60.0368089675903,60.1368689537048,60.253448009491,60.5538518428802,1.36668610572815,12
time,downright,1920,1080,960,540,left,long,short,0.695,1.6,6,6,61.5538818836212,62.5535559654236,62.5535559654236,63.2534449100494,63.2534449100494,63.2701120376587,64.8701589107513,65.9046139717102,66.0046679973602,66.1201708316803,66.4201748371124,1.03445506095886,12
time,downright,1920,1080,960,540,left,long,long,0.689,1.6,12,12,72.470232963562,73.4706208705902,73.4706208705902,74.1535830497742,74.1535830497742,74.1702499389648,75.7702329158783,77.3462460041046,77.4462888240814,77.5540289878845,77.8540148735046,1.57601308822632,12
time,downright,1920,1080,960,540,left,short,long,0.737,0.4,12,12,78.8540120124817,79.8537058830261,79.8537058830261,80.5869379043579,80.5869379043579,80.6036128997803,81.0036089420319,82.6232290267944,82.7232718467712,82.8374028205872,83.1374249458313,1.61962008476257,12
time,downright,1920,1080,960,540,left,inter,long,0.863,0.8,12,12,84.1374139785767,85.1374168395996,85.1374168395996,86.0036590099335,86.0036590099335,86.0203239917755,86.8203358650208,87.8240518569946,87.9240958690643,88.0370178222656,88.3370158672333,1.00371599197388,12
time,downright,1920,1080,960,540,left,long,inter,0.685,1.6,8,8,95.4708428382874,96.4708518981934,96.4708518981934,97.1537668704987,97.1537668704987,97.1704349517822,98.7704548835754,100.269644021988,100.369701862335,100.487139940262,100.787588834763,1.49918913841248,12
time,downright,1920,1080,960,540,left,inter,inter,0.535,0.8,8,8,110.737651824951,111.737247943878,111.737247943878,112.270581960678,112.270581960678,112.28725194931,113.087260961533,114.007237911224,114.107291936874,114.220717906952,114.520603895187,0.919976949691772,12
time,downright,1920,1080,960,540,left,inter,inter,0.677,0.8,8,8,115.521029949188,116.521064043045,116.521064043045,117.204072952271,117.204072952271,117.220749855042,118.020637989044,118.780035972595,118.880087852478,118.98731303215,119.287314891815,0.759397983551025,12
time,downright,1920,1080,960,540,left,short,long,0.566,0.4,12,12,120.287762880325,121.287766933441,121.287766933441,121.85400891304,121.85400891304,121.870674848557,122.27068400383,123.106788873672,123.206841945648,123.320693016052,123.62114405632,0.836104869842529,12
time,downright,1920,1080,960,540,left,inter,short,0.976,0.8,6,6,130.737843036652,131.737437009811,131.737437009811,132.720898866653,132.720898866653,132.737454891205,133.537513017654,134.39968085289,134.499733924866,134.604171037674,134.904175043106,0.862167835235596,12
time,downright,1920,1080,960,540,left,inter,short,0.642,0.8,6,6,135.904585838318,136.904582977295,136.904582977295,137.554594993591,137.554594993591,137.570868015289,138.370875835419,139.089501857758,139.189553976059,139.304218053818,139.604615926743,0.718626022338867,12
time,downright,1920,1080,960,540,left,inter,long,0.6,0.8,12,12,149.688055038452,150.6876308918,150.6876308918,151.28762793541,151.28762793541,151.304302930832,152.104311943054,152.52783703804,152.627882003784,152.737651824951,153.037653923035,0.423525094985962,12
time,downright,1920,1080,960,540,left,short,inter,0.925,0.4,8,8,154.038092851639,155.038094997406,155.038094997406,155.971047878265,155.971047878265,155.987715959549,156.387719869614,156.92564702034,157.025689840317,157.137725830078,157.437741041183,0.537927150726318,12
time,downright,1920,1080,960,540,left,short,long,0.628,0.4,12,12,158.438129901886,159.438146829605,159.438146829605,160.071166992188,160.071166992188,160.087755918503,160.487784862518,161.115707874298,161.215760946274,161.321100950241,161.621521949768,0.627923011779785,12
time,downright,1920,1080,960,540,left,short,inter,0.783,0.4,8,8,162.621487855911,163.621085882187,163.621085882187,164.404427051544,164.404427051544,164.421095848083,164.821096897125,165.300596952438,165.400648832321,165.50444483757,165.804437875748,0.47950005531311,12
time,downright,1920,1080,960,540,left,short,inter,0.693,0.4,8,8,166.804890871048,167.804878950119,167.804878950119,168.50489783287,168.50489783287,168.521575927734,168.921139955521,169.602602958679,169.702652931213,169.804482936859,170.104485034943,0.681463003158569,12
time,downright,1920,1080,960,540,left,short,inter,0.737,0.4,8,8,175.68830704689,176.687918901443,176.687918901443,177.421257972717,177.421257972717,177.437926054001,177.837929964066,178.654085874557,178.754137992859,178.871273994446,179.171275854111,0.816155910491943,12
time,downright,1920,1080,960,540,left,long,inter,0.659,1.6,8,8,180.171682834625,181.171690940857,181.171690940857,181.837968826294,181.837968826294,181.854636907578,183.454651832581,184.443842887878,184.543895959854,184.654662847519,184.954665899277,0.989191055297852,12
time,downright,1920,1080,960,540,left,long,long,0.8,1.6,12,12,185.955061912537,186.955081939697,186.955081939697,187.754662036896,187.754662036896,187.771328926086,189.371345043182,189.697769880295,189.797811985016,189.904683828354,190.204687833786,0.326424837112427,12
time,downright,1920,1080,960,540,left,inter,inter,0.853,0.8,8,8,191.205121994019,192.205126047134,192.205126047134,193.054704904556,193.054704904556,193.071491956711,193.871379852295,194.795793056488,194.895833969116,195.004725933075,195.304730892181,0.924413204193115,12
time,downright,1920,1080,960,540,left,long,inter,0.6,1.6,8,8,207.071614027023,208.071630001068,208.071630001068,208.671535015106,208.671535015106,208.688201904297,210.288249015808,210.571069002151,210.671120882034,210.788252830505,211.088335037231,0.282819986343384,12
time,downright,1920,1080,960,540,left,long,inter,0.599,1.6,8,8,212.088666915894,213.088670969009,213.088670969009,213.688282966614,213.688282966614,213.704960823059,215.304973840714,216.227738857269,216.327793836594,216.438309907913,216.738719940186,0.922765016555786,12
time,downright,1920,1080,960,540,left,short,short,0.864,0.4,6,6,217.73873090744,218.738410949707,218.738410949707,219.605005979538,219.605005979538,219.621685028076,220.021678924561,220.497784852982,220.597837924957,220.705018997192,221.005023956299,0.476105928421021,12
time,downright,1920,1080,960,540,left,long,long,0.639,1.6,12,12,222.005424022675,223.005435943604,223.005435943604,223.638382911682,223.638382911682,223.655050039291,225.255064964294,227.490432024002,227.590476989746,227.705507993698,228.005498886108,2.23536705970764,12
time,downright,1920,1080,960,540,left,short,long,0.589,0.4,12,12,229.005486011505,230.005509853363,230.005509853363,230.588451862335,230.588451862335,230.605115890503,231.005120992661,232.415525913239,232.515568971634,232.622213840485,232.922214984894,1.410404920578,12
time,downright,1920,1080,960,540,left,inter,short,0.665,0.8,6,6,244.521879911423,245.522308826447,245.522308826447,246.188571929932,246.188571929932,246.205238819122,247.005238056183,247.548733949661,247.648776054382,247.755245923996,248.05525803566,0.543495893478394,12
time,downright,1920,1080,960,540,left,long,long,0.586,1.6,12,12,249.055691957474,250.055683851242,250.055683851242,250.638615846634,250.638615846634,250.655273914337,252.255297899246,253.206550836563,253.306596040726,253.421974897385,253.722425937653,0.951252937316895,12
time,downright,1920,1080,960,540,left,inter,long,0.613,0.8,12,12,254.722416877747,255.721997022629,255.721997022629,256.338665008545,256.338665008545,256.355330944061,257.155340909958,258.048461914062,258.148505926132,258.255349874496,258.555358886719,0.893121004104614,12
time,downright,1920,1080,960,540,left,long,short,0.533,1.6,6,6,259.555800914764,260.555809020996,260.555809020996,261.088835000992,261.088835000992,261.105489015579,262.70540189743,263.054188013077,263.154230833054,263.255439043045,263.555410861969,0.348786115646362,12
time,downright,1920,1080,960,540,left,short,short,0.802,0.4,6,6,272.922583818436,273.922596931458,273.922596931458,274.722187995911,274.722187995911,274.738848924637,275.138857841492,275.855736970901,275.955778837204,276.072192907333,276.372203826904,0.71687912940979,12
time,upleft,0,0,960,540,right,inter,inter,0.786,0.8,8,8,2.61340093612671,3.61340689659119,3.61340689659119,4.3963189125061,4.3963189125061,4.41298508644104,5.21298789978027,5.95116186141968,6.05168700218201,6.16300106048584,6.46300196647644,0.738173961639404,13
time,upleft,0,0,960,540,right,short,long,0.88,0.4,12,12,7.46345496177673,8.46346402168274,8.46346402168274,9.34636497497559,9.34636497497559,9.36303091049194,9.76303100585938,10.0989470481873,10.1990230083466,10.3130440711975,10.6130449771881,0.335916042327881,13
time,upleft,0,0,960,540,right,long,short,0.804,1.6,6,6,11.6134898662567,12.6135020256042,12.6135020256042,13.413076877594,13.413076877594,13.4297399520874,15.0297560691833,16.218544960022,16.3186130523682,16.4297668933868,16.729770898819,1.18878889083862,13
time,upleft,0,0,960,540,right,inter,inter,0.521,0.8,8,8,17.7302289009094,18.730220079422,18.730220079422,19.2464609146118,19.2464609146118,19.2631258964539,20.0631310939789,21.0024950504303,21.1025559902191,21.2131500244141,21.513151884079,0.939363956451416,13
time,upleft,0,0,960,540,right,long,long,0.704,1.6,12,12,22.5135869979858,23.5135860443115,23.5135860443115,24.2131779193878,24.2131779193878,24.2298440933228,25.8298568725586,28.0122790336609,28.112340927124,28.2303359508514,28.5303409099579,2.18242216110229,13
time,upleft,0,0,960,540,right,short,long,0.68,0.4,12,12,29.5303058624268,30.5303230285645,30.5303230285645,31.2132360935211,31.2132360935211,31.2299110889435,31.6299059391022,32.1300308704376,32.2300999164581,32.3465900421143,32.6465859413147,0.500124931335449,13
time,upleft,0,0,960,540,right,inter,short,0.578,0.8,6,6,33.647027015686,34.6470339298248,34.6470339298248,35.2299430370331,35.2299430370331,35.2466080188751,36.0466210842133,37.0039250850677,37.1039900779724,37.2132930755615,37.5132958889008,0.957304000854492,13
time,upleft,0,0,960,540,right,short,long,0.504,0.4,12,12,43.5971200466156,44.5971229076385,44.5971229076385,45.096706867218,45.096706867218,45.1133770942688,45.5133810043335,46.0436818599701,46.1437430381775,46.2467229366302,46.5467250347137,0.530300855636597,13
time,upleft,0,0,960,540,right,long,inter,0.838,1.6,8,8,47.5471658706665,48.5471670627594,48.5471670627594,49.3800799846649,49.3800799846649,49.3967490196228,50.9967670440674,51.8665630817413,51.9666390419006,52.0801119804382,52.38010597229,0.86979603767395,13
time,upleft,0,0,960,540,right,inter,short,0.62,0.8,6,6,64.2973239421844,65.2973370552063,65.2973370552063,65.9140019416809,65.9140019416809,65.9306628704071,66.7302429676056,67.1679499149323,67.2680280208588,67.3802499771118,67.6802520751953,0.43770694732666,13
time,upleft,0,0,960,540,right,short,short,0.734,0.4,6,6,68.6806919574738,69.6807019710541,69.6807019710541,70.4136118888855,70.4136118888855,70.4302840232849,70.8302819728851,71.3438100814819,71.4438889026642,71.5469570159912,71.846962928772,0.513528108596802,13
time,upleft,0,0,960,540,right,long,long,0.717,1.6,12,12,72.8469688892365,73.8474180698395,73.8474180698395,74.5636560916901,74.5636560916901,74.5803220272064,76.1803359985352,77.1127350330353,77.2128050327301,77.3303520679474,77.630352973938,0.932399034500122,13
time,upleft,0,0,960,540,right,inter,inter,0.76,0.8,8,8,83.4975259304047,84.4975299835205,84.4975299835205,85.2637639045715,85.2637639045715,85.2804310321808,86.0804378986359,87.1474919319153,87.247545003891,87.3637850284576,87.6637880802155,1.06705403327942,13
time,upleft,0,0,960,540,right,short,inter,0.923,0.4,8,8,88.6642110347748,89.6642248630524,89.6642248630524,90.5805139541626,90.5805139541626,90.5972039699554,90.9971840381622,91.4860739707947,91.5861339569092,91.6971909999847,91.9971940517426,0.488889932632446,13
time,upleft,0,0,960,540,right,short,short,0.961,0.4,6,6,92.997612953186,93.9972229003906,93.9972229003906,94.9638900756836,94.9638900756836,94.9805560112,95.3805599212646,96.1070358753204,96.2071058750153,96.3139019012451,96.6139268875122,0.726475954055786,13
time,upleft,0,0,960,540,right,long,short,0.804,1.6,6,6,97.6143190860748,98.6143109798431,98.6143109798431,99.4138989448547,99.4138989448547,99.4305670261383,101.030579090118,102.140866041183,102.240940093994,102.347259998322,102.647263050079,1.11028695106506,13
time,upleft,0,0,960,540,right,short,inter,0.721,0.4,8,8,108.497760057449,109.497762918472,109.497762918472,110.214004993439,110.214004993439,110.230671882629,110.630676031113,111.326591014862,111.426650047302,111.530677080154,111.830687999725,0.69591498374939,13
time,upleft,0,0,960,540,right,inter,inter,0.75,0.8,8,8,112.831129074097,113.831130981445,113.831130981445,114.580710887909,114.580710887909,114.597377061844,115.397382974625,117.004206895828,117.10428404808,117.214529037476,117.514517068863,1.60682392120361,13
time,upleft,0,0,960,540,right,long,short,0.988,1.6,6,6,122.881237983704,123.881244897842,123.881244897842,124.864140033722,124.864140033722,124.880810976028,126.480828046799,127.650947093964,127.751008987427,127.864171981812,128.164635896683,1.17011904716492,13
time,upleft,0,0,960,540,right,long,inter,0.851,1.6,8,8,129.164638996124,130.164193868637,130.164193868637,131.014198064804,131.014198064804,131.030864953995,132.630887031555,133.940876960754,134.040941953659,134.14800786972,134.448025941849,1.30998992919922,13
time,upleft,0,0,960,540,right,short,inter,0.825,0.4,8,8,135.448006868362,136.448026895523,136.448026895523,137.280931949615,137.280931949615,137.297714948654,137.697597980499,139.636560916901,139.73662686348,139.848079919815,140.148091077805,1.93896293640137,13
time,upleft,0,0,960,540,right,long,long,0.861,1.6,12,12,141.148072004318,142.147645950317,142.147645950317,143.014318943024,143.014318943024,143.030983924866,144.630997896194,146.388417959213,146.488486051559,146.598140954971,146.898148059845,1.7574200630188,13
time,upleft,0,0,960,540,right,long,long,0.826,1.6,12,12,147.898133993149,148.898154020309,148.898154020309,149.731046915054,149.731046915054,149.747720003128,151.347732067108,153.593153953552,153.693217992783,153.798181056976,154.098226070404,2.24542188644409,13
time,upleft,0,0,960,540,right,long,inter,0.896,1.6,8,8,155.098206043243,156.097775936127,156.097775936127,156.997789859772,156.997789859772,157.014455080032,158.614472866058,161.312787055969,161.412833929062,161.53163599968,161.831629037857,2.69831418991089,13
time,upleft,0,0,960,540,right,short,short,0.981,0.4,6,6,162.831619024277,163.831614971161,163.831614971161,164.814534902573,164.814534902573,164.831192970276,165.231199979782,167.237752914429,167.337796926498,167.448343038559,167.74835896492,2.00655293464661,13
time,upleft,0,0,960,540,right,inter,short,0.736,0.8,6,6,168.74834394455,169.748352050781,169.748352050781,170.481249094009,170.481249094009,170.497921943665,171.297923088074,173.27840590477,173.378458976746,173.481283903122,173.781743049622,1.98048281669617,13
time,upleft,0,0,960,540,right,inter,long,0.528,0.8,12,12,174.781737089157,175.781748056412,175.781748056412,176.314641952515,176.314641952515,176.331311941147,177.131313085556,178.303411006927,178.40346288681,178.514667987823,178.814789056778,1.17209792137146,13
time,upleft,0,0,960,540,right,short,inter,0.569,0.4,8,8,179.815123081207,180.815124988556,180.815124988556,181.381357908249,181.381357908249,181.398022890091,181.79803109169,182.353062868118,182.453114032745,182.564707040787,182.864703893661,0.555031776428223,13
time,upleft,0,0,960,540,right,inter,inter,0.915,0.8,8,8,189.61522102356,190.615206956863,190.615206956863,191.531457901001,191.531457901001,191.54812502861,192.348135948181,193.037030935287,193.137083053589,193.248138904572,193.548148870468,0.688894987106323,13
time,upleft,0,0,960,540,right,short,short,0.553,0.4,6,6,194.548578977585,195.548595905304,195.548595905304,196.098165035248,196.098165035248,196.114846944809,196.514841079712,197.125604867935,197.225656986237,197.331515073776,197.631516933441,0.610763788223267,13
time,upleft,0,0,960,540,right,short,long,0.608,0.4,12,12,209.948747873306,210.948745965958,210.948745965958,211.548321008682,211.548321008682,211.564985990524,211.964991092682,213.104261875153,213.204313993454,213.315121889114,213.615004062653,1.1392707824707,13
time,upleft,0,0,960,540,right,short,inter,0.672,0.4,8,8,220.298842906952,221.298842906952,221.298842906952,221.965528011322,221.965528011322,221.982192993164,222.381819009781,223.337846040726,223.437898874283,223.548475027084,223.848476886749,0.956027030944824,13
time,upleft,0,0,960,540,right,long,inter,0.92,1.6,8,8,224.84890294075,225.848877906799,225.848877906799,226.765172958374,226.765172958374,226.781848907471,228.381855964661,229.690536022186,229.790589094162,229.898561000824,230.198965072632,1.30868005752563,13
time,upleft,0,0,960,540,right,short,short,0.504,0.4,6,6,231.198956012726,232.198559999466,232.198559999466,232.698586940765,232.698586940765,232.71523308754,233.115235090256,234.385454893112,234.485507965088,234.598583936691,234.898586034775,1.27021980285645,13
time,upleft,0,0,960,540,right,inter,long,0.662,0.8,12,12,245.865755081177,246.865778923035,246.865778923035,247.532002925873,247.532002925873,247.548677921295,248.348677873611,249.312061071396,249.412103891373,249.51536488533,249.815481901169,0.963383197784424,13
time,upleft,0,0,960,540,right,long,inter,0.623,1.6,8,8,250.815824985504,251.815830945969,251.815830945969,252.432050943375,252.432050943375,252.448718070984,254.048743009567,254.722814083099,254.822859048843,254.932085037231,255.232079029083,0.674071073532104,13
time,upleft,0,0,960,540,right,short,long,0.535,0.4,12,12,256.232537031174,257.232528924942,257.232528924942,257.765882015228,257.765882015228,257.782549858093,258.182111024857,259.078603982925,259.178647994995,259.282127857208,259.582130908966,0.896492958068848,13
time,upleft,0,0,960,540,right,inter,long,0.739,0.8,12,12,260.582576036453,261.582581043243,261.582581043243,262.315604925156,262.315604925156,262.332268953323,263.132155895233,263.63342499733,263.733468055725,263.848839998245,264.148834943771,0.501269102096558,13
time,upleft,0,0,960,540,right,inter,short,0.613,0.8,6,6,265.149283885956,266.148854017258,266.148854017258,266.76552605629,266.76552605629,266.782201051712,267.582200050354,268.256443023682,268.356484889984,268.465552091599,268.765549898148,0.674242973327637,13
time,upleft,0,0,960,540,right,inter,short,0.876,0.8,6,6,278.916082859039,279.916079044342,279.916079044342,280.799005031586,280.799005031586,280.815672874451,281.615676879883,282.44776892662,282.547811031342,282.665689945221,282.965692996979,0.832092046737671,13
time,downleft,0,1080,960,540,right,short,short,0.659,0.4,6,6,2.11297798156738,3.11300802230835,3.11300802230835,3.77922606468201,3.77922606468201,3.79589796066284,4.19590401649475,5.04663801193237,5.14670300483704,5.26257801055908,5.5630350112915,0.850733995437622,14
time,downleft,0,1080,960,540,right,inter,short,0.933,0.8,6,6,6.56302785873413,7.56259894371033,7.56259894371033,8.4959499835968,8.4959499835968,8.51260900497437,9.31261587142944,9.79872107505798,9.8987729549408,10.0126218795776,10.3126289844513,0.48610520362854,14
time,downleft,0,1080,960,540,right,inter,short,0.747,0.8,6,6,15.5797839164734,16.5793559551239,16.5793559551239,17.3293609619141,17.3293609619141,17.3460378646851,18.1460380554199,18.4643938541412,18.5644500255585,18.6793758869171,18.9793779850006,0.318355798721313,14
time,downleft,0,1080,960,540,right,short,long,0.517,0.4,12,12,19.9798078536987,20.9798209667206,20.9798209667206,21.4961869716644,21.4961869716644,21.512736082077,21.912740945816,22.3870859146118,22.4871370792389,22.5960850715637,22.8960800170898,0.474344968795776,14
time,downleft,0,1080,960,540,right,long,short,0.564,1.6,6,6,23.8965339660645,24.8965339660645,24.8965339660645,25.4632098674774,25.4632098674774,25.4794480800629,27.0794579982758,27.9021019935608,28.0021550655365,28.112802028656,28.4128050804138,0.822643995285034,14
time,downleft,0,1080,960,540,right,inter,short,0.79,0.8,6,6,29.4132509231567,30.4132618904114,30.4132618904114,31.196163892746,31.196163892746,31.2128279209137,32.0128378868103,32.3848900794983,32.4849410057068,32.5961780548096,32.8961780071259,0.372052192687988,14
time,downleft,0,1080,960,540,right,long,inter,0.953,1.6,8,8,38.0466740131378,39.0466718673706,39.0466718673706,39.9963700771332,39.9963700771332,40.0129170417786,41.6129288673401,42.0725829601288,42.1726338863373,42.2796139717102,42.5796110630035,0.459654092788696,14
time,downleft,0,1080,960,540,right,inter,long,0.542,0.8,12,12,43.5800430774689,44.5796270370483,44.5796270370483,45.1296298503876,45.1296298503876,45.1462969779968,45.9463050365448,46.500424861908,46.600476026535,46.7129850387573,47.0129868984222,0.554119825363159,14
time,downleft,0,1080,960,540,right,long,inter,0.72,1.6,8,8,52.6134719848633,53.6130518913269,53.6130518913269,54.3297209739685,54.3297209739685,54.3463869094849,55.9464049339294,56.9310438632965,57.0310878753662,57.1464149951935,57.4464218616486,0.984638929367065,14
time,downleft,0,1080,960,540,right,long,short,0.573,1.6,6,6,58.4468560218811,59.4468839168549,59.4468839168549,60.0131089687347,60.0131089687347,60.0297808647156,61.6297929286957,63.4448618888855,63.5449049472809,63.6636109352112,63.9635980129242,1.81506896018982,14
time,downleft,0,1080,960,540,right,inter,short,0.926,0.8,6,6,64.9635920524597,65.9636149406433,65.9636149406433,66.8965120315552,66.8965120315552,66.9131770133972,67.7131838798523,68.837562084198,68.9376049041748,69.0465359687805,69.346538066864,1.1243782043457,14
time,downleft,0,1080,960,540,right,long,inter,0.667,1.6,8,8,70.3469839096069,71.3470010757446,71.3470010757446,72.013347864151,72.013347864151,72.0298979282379,73.629912853241,74.8994829654694,74.9995269775391,75.1132600307465,75.4132599830627,1.26957011222839,14
time,downleft,0,1080,960,540,right,inter,short,0.983,0.8,6,6,76.413703918457,77.413724899292,77.413724899292,78.3966250419617,78.3966250419617,78.4132919311523,79.2132968902588,81.2943239212036,81.3943688869476,81.4971120357513,81.7971038818359,2.08102703094482,14
time,downleft,0,1080,960,540,right,long,short,0.575,1.6,6,6,82.7971210479736,83.7970979213715,83.7970979213715,84.3801400661469,84.3801400661469,84.3971118927002,85.9968149662018,87.2730829715729,87.3731470108032,87.4800570011139,87.7805030345917,1.27626800537109,14
time,downleft,0,1080,960,540,right,short,inter,0.794,0.4,8,8,94.1638720035553,95.1638870239258,95.1638870239258,95.9634659290314,95.9634659290314,95.9801299571991,96.3801350593567,96.9966518878937,97.0967040061951,97.2134778499603,97.513601064682,0.616516828536987,14
time,downleft,0,1080,960,540,right,short,long,0.638,0.4,12,12,103.363961935043,104.36398601532,104.36398601532,104.997004985809,104.997004985809,105.013553857803,105.413563966751,106.463438034058,106.563492059708,106.680238962173,106.98024392128,1.04987406730652,14
time,downleft,0,1080,960,540,right,long,short,0.868,1.6,6,6,107.980669975281,108.980685949326,108.980685949326,109.846935033798,109.846935033798,109.863604068756,111.463615894318,112.410312891006,112.510356903076,112.613628864288,112.913630962372,0.946696996688843,14
time,downleft,0,1080,960,540,right,long,short,0.986,1.6,6,6,113.914083003998,114.914097070694,114.914097070694,115.896991968155,115.896991968155,115.913665056229,117.513797044754,118.531208992004,118.6312520504,118.747026920319,119.047024011612,1.01741194725037,14
time,downleft,0,1080,960,540,right,long,inter,0.575,1.6,8,8,120.047472953796,121.047493934631,121.047493934631,121.630380868912,121.630380868912,121.647053956985,123.247070074081,124.099915981293,124.199958086014,124.313744068146,124.614188909531,0.852845907211304,14
time,downleft,0,1080,960,540,right,long,inter,0.683,1.6,8,8,125.614177942276,126.613766908646,126.613766908646,127.297108888626,127.297108888626,127.313773870468,128.91378903389,130.217700004578,130.317743062973,130.430475950241,130.730936050415,1.30391097068787,14
time,downleft,0,1080,960,540,right,short,short,0.679,0.4,6,6,138.780978918076,139.781008958817,139.781008958817,140.464328050613,140.464328050613,140.481006860733,140.880691051483,141.364330053329,141.464380979538,141.580585002899,141.880702972412,0.483639001846313,14
time,downleft,0,1080,960,540,right,short,inter,0.905,0.4,8,8,142.881047010422,143.881042003632,143.881042003632,144.780616998672,144.780616998672,144.79728102684,145.197287082672,145.728188037872,145.828239917755,145.930628061295,146.230632066727,0.530900955200195,14
time,downleft,0,1080,960,540,right,inter,inter,0.714,0.8,8,8,147.23108291626,148.231088876724,148.231088876724,148.947324991226,148.947324991226,148.963989973068,149.7639939785,150.437993049622,150.538061857224,150.647341012955,150.947341918945,0.673999071121216,14
time,downleft,0,1080,960,540,right,inter,long,0.524,0.8,12,12,151.947793960571,152.947788953781,152.947788953781,153.464462041855,153.464462041855,153.481126070023,154.280706882477,154.965941905975,155.065994977951,155.180716991425,155.480720043182,0.685235023498535,14
time,downleft,0,1080,960,540,right,long,long,0.575,1.6,12,12,156.481162071228,157.481164932251,157.481164932251,158.064080953598,158.064080953598,158.080744981766,159.680764913559,160.764637947083,160.864691019058,160.980777978897,161.280781984329,1.08387303352356,14
time,downleft,0,1080,960,540,right,short,inter,0.98,0.4,8,8,162.28120803833,163.281243085861,163.281243085861,164.264142990112,164.264142990112,164.280804872513,164.68080997467,165.188587903976,165.288639068604,165.397489070892,165.697490930557,0.50777792930603,14
time,downleft,0,1080,960,540,right,short,long,0.506,0.4,12,12,166.697922945023,167.697953939438,167.697953939438,168.197957038879,168.197957038879,168.214606046677,168.614184856415,169.006317853928,169.106379985809,169.214190006256,169.514312982559,0.392132997512817,14
time,downleft,0,1080,960,540,right,short,short,0.6,0.4,6,6,170.514647960663,171.514220952988,171.514220952988,172.114218950272,172.114218950272,172.130883932114,172.53089094162,173.24929690361,173.349348068237,173.464236021042,173.764235973358,0.718405961990356,14
time,downleft,0,1080,960,540,right,short,long,0.582,0.4,12,12,174.764672040939,175.76469707489,175.76469707489,176.348041057587,176.348041057587,176.364696979523,176.764267921448,177.661026954651,177.761077880859,177.864279985428,178.164282083511,0.896759033203125,14
time,downleft,0,1080,960,540,right,short,inter,0.838,0.4,8,8,182.98143696785,183.981440067291,183.981440067291,184.814344882965,184.814344882965,184.831009864807,185.23101401329,186.243721961975,186.343772888184,186.447697877884,186.748147010803,1.01270794868469,14
time,downleft,0,1080,960,540,right,short,short,0.901,0.4,6,6,187.748161077499,188.748136043549,188.748136043549,189.647728919983,189.647728919983,189.664392948151,190.064394950867,191.05281996727,191.152870893478,191.264412879944,191.564851999283,0.988425016403198,14
time,downleft,0,1080,960,540,right,long,long,0.642,1.6,12,12,197.764917850494,198.764914989471,198.764914989471,199.414932012558,199.414932012558,199.4315969944,201.031287908554,202.160356044769,202.260406970978,202.364521026611,202.664979934692,1.12906813621521,14
time,downleft,0,1080,960,540,right,short,short,0.659,0.4,6,6,203.664988040924,204.664546012878,204.664546012878,205.331215858459,205.331215858459,205.34788107872,205.74788403511,206.6960978508,206.796160936356,206.89789891243,207.197905063629,0.948213815689087,14
time,downleft,0,1080,960,540,right,inter,inter,0.537,0.8,8,8,208.198345899582,209.198349952698,209.198349952698,209.731256008148,209.731256008148,209.747930049896,210.547942876816,211.549133062363,211.649184942245,211.764613866806,212.064620018005,1.00119018554688,14
time,downleft,0,1080,960,540,right,inter,long,0.801,0.8,12,12,213.065073013306,214.065062046051,214.065062046051,214.864641904831,214.864641904831,214.881408929825,215.681318044662,216.682857036591,216.782897949219,216.898118019104,217.198003053665,1.0015389919281,14
time,downleft,0,1080,960,540,right,long,long,0.615,1.6,12,12,223.114729881287,224.115181922913,224.115181922913,224.731406927109,224.731406927109,224.748079061508,226.348094940186,227.791683912277,227.891736984253,227.998563051224,228.298577070236,1.44358897209167,14
time,downleft,0,1080,960,540,right,inter,long,0.656,0.8,12,12,243.415368080139,244.415389060974,244.415389060974,245.06494808197,245.06494808197,245.081613063812,245.881620883942,246.543907880783,246.643957853317,246.748295068741,247.048301935196,0.662286996841431,14
time,downleft,0,1080,960,540,right,long,short,0.512,1.6,6,6,248.048748016357,249.04873585701,249.04873585701,249.564990997314,249.564990997314,249.581655979156,251.181678056717,252.251774072647,252.351824998856,252.465017080307,252.765480995178,1.07009601593018,14
time,downleft,0,1080,960,540,right,long,long,0.605,1.6,12,12,253.765465974808,254.765466928482,254.765466928482,255.36547088623,255.36547088623,255.382150888443,256.981728076935,257.90837097168,258.008414030075,258.115077972412,258.415199995041,0.926642894744873,14
time,downleft,0,1080,960,540,right,inter,long,0.716,0.8,12,12,259.415509939194,260.415523052216,260.415523052216,261.131775856018,261.131775856018,261.148441076279,261.948445081711,262.716362953186,262.816405057907,262.931797981262,263.231796979904,0.76791787147522,14
time,downleft,0,1080,960,540,right,inter,inter,0.966,0.8,8,8,264.23224401474,265.232253074646,265.232253074646,266.198493003845,266.198493003845,266.215157032013,267.015163898468,267.518218994141,267.618260860443,267.731843948364,268.031956911087,0.503055095672607,14
time,downleft,0,1080,960,540,right,long,inter,0.83,1.6,8,8,269.032274961472,270.032307863235,270.032307863235,270.865206956863,270.865206956863,270.881870985031,272.481885910034,274.178053855896,274.278105974197,274.381906032562,274.682350873947,1.69616794586182,14
time,upleft,0,0,960,540,right,short,inter,0.654,0.4,8,8,4.48462581634521,5.48463201522827,5.48463201522827,6.13419985771179,6.13419985771179,6.15086483955383,6.55086898803711,7.04796004295349,7.14802384376526,7.2508749961853,7.55087804794312,0.497091054916382,15
time,upleft,0,0,960,540,right,inter,inter,0.771,0.8,8,8,8.55130791664124,9.55132985115051,9.55132985115051,10.3175718784332,10.3175718784332,10.3342378139496,11.1342430114746,11.7028439044952,11.8029069900513,11.9175899028778,12.2175889015198,0.56860089302063,15
time,upleft,0,0,960,540,right,short,long,0.571,0.4,12,12,13.2180418968201,14.2176048755646,14.2176048755646,14.7842779159546,14.7842779159546,14.8009498119354,15.2009489536285,15.7187838554382,15.8188338279724,15.9344079494476,16.2342989444733,0.517834901809692,15
time,upleft,0,0,960,540,right,long,long,0.593,1.6,12,12,17.2347538471222,18.2343118190765,18.2343118190765,18.8343179225922,18.8343179225922,18.8509829044342,20.4509990215302,21.9474308490753,22.0474848747253,22.1514890193939,22.4514768123627,1.49643182754517,15
time,upleft,0,0,960,540,right,short,short,0.918,0.4,6,6,23.4514598846436,24.4514880180359,24.4514880180359,25.3677179813385,25.3677179813385,25.3843820095062,25.7843928337097,26.2802929878235,26.380343914032,26.4843928813934,26.7843990325928,0.49590015411377,15
time,upleft,0,0,960,540,right,short,inter,0.709,0.4,8,8,27.7848358154297,28.7848408222198,28.7848408222198,29.5010919570923,29.5010919570923,29.517758846283,29.917760848999,30.6822040081024,30.7822480201721,30.8844430446625,31.184886932373,0.764443159103394,15
time,upleft,0,0,960,540,right,inter,short,0.757,0.8,6,6,32.1848828792572,33.1844639778137,33.1844639778137,33.9345848560333,33.9345848560333,33.9511358737946,34.7511420249939,35.4130258560181,35.5130679607391,35.6178188323975,35.917820930481,0.66188383102417,15
time,upleft,0,0,960,540,right,long,long,0.975,1.6,12,12,36.9182569980621,37.9182658195496,37.9182658195496,38.9011850357056,38.9011850357056,38.9178500175476,40.5178699493408,41.4529778957367,41.5530309677124,41.667876958847,41.9678859710693,0.935107946395874,15
time,upleft,0,0,960,540,right,short,short,0.797,0.4,6,6,42.9683239459991,43.9683318138123,43.9683318138123,44.7679088115692,44.7679088115692,44.7845728397369,45.1845769882202,46.0007038116455,46.1007549762726,46.2179279327393,46.5179309844971,0.816126823425293,15
time,upleft,0,0,960,540,right,long,long,0.756,1.6,12,12,53.1850998401642,54.1846678256989,54.1846678256989,54.9347970485687,54.9347970485687,54.9513399600983,56.5513620376587,57.647442817688,57.747496843338,57.8513729572296,58.151841878891,1.0960807800293,15
time,upleft,0,0,960,540,right,inter,inter,0.593,0.8,8,8,59.1518080234528,60.1513998508453,60.1513998508453,60.7513978481293,60.7513978481293,60.7680640220642,61.5680730342865,62.2471618652344,62.3472230434418,62.4514198303223,62.7514238357544,0.679088830947876,15
time,upleft,0,0,960,540,right,inter,long,0.527,0.8,12,12,63.7518818378448,64.7518699169159,64.7518699169159,65.2848780155182,65.2848780155182,65.301442861557,66.1015729904175,67.4511098861694,67.5511639118195,67.6681389808655,67.9681370258331,1.34953689575195,15
time,upleft,0,0,960,540,right,long,short,0.601,1.6,6,6,68.9685838222504,69.9686009883881,69.9686009883881,70.5681669712067,70.5681669712067,70.5848309993744,72.1848568916321,73.447830915451,73.5478849411011,73.6515259742737,73.9516508579254,1.26297402381897,15
time,upleft,0,0,960,540,right,inter,long,0.866,0.8,12,12,81.2186849117279,82.2182819843292,82.2182819843292,83.0849578380585,83.0849578380585,83.1017408370972,83.9016258716583,84.6934428215027,84.7934949398041,84.9016399383545,85.2020819187164,0.79181694984436,15
time,upleft,0,0,960,540,right,short,short,0.996,0.4,6,6,86.2020809650421,87.2016618251801,87.2016618251801,88.2016708850861,88.2016708850861,88.2183358669281,88.618350982666,89.0133550167084,89.1134049892426,89.2183508872986,89.518355846405,0.395004034042358,15
time,upleft,0,0,960,540,right,inter,inter,0.866,0.8,8,8,90.5188019275665,91.5188019275665,91.5188019275665,92.385046005249,92.385046005249,92.4017100334167,93.2017228603363,93.5581278800964,93.6581768989563,93.7683959007263,94.0683970451355,0.356405019760132,15
time,upleft,0,0,960,540,right,inter,short,0.566,0.8,6,6,95.0684089660645,96.0688488483429,96.0688488483429,96.6350898742676,96.6350898742676,96.6517548561096,97.4517629146576,98.3980798721313,98.4981310367584,98.6017768383026,98.9017779827118,0.946316957473755,15
time,upleft,0,0,960,540,right,long,short,0.524,1.6,6,6,99.9022259712219,100.90221786499,100.90221786499,101.418467998505,101.418467998505,101.435138940811,103.035148859024,104.174816846848,104.274868011475,104.38561797142,104.685617923737,1.13966798782349,15
time,upleft,0,0,960,540,right,short,long,0.64,0.4,12,12,114.802377939224,115.802374839783,115.802374839783,116.435282945633,116.435282945633,116.452069044113,116.851959943771,117.50130200386,117.601363897324,117.718636035919,118.018637895584,0.649342060089111,15
time,upleft,0,0,960,540,right,long,short,0.901,1.6,6,6,119.019090890884,120.01908993721,120.01908993721,120.9186668396,120.9186668396,120.935341835022,122.535352945328,123.522179841995,123.622231006622,123.735363960266,124.035363912582,0.98682689666748,15
time,upleft,0,0,960,540,right,inter,long,0.645,0.8,12,12,125.035799026489,126.035797834396,126.035797834396,126.685385942459,126.685385942459,126.70205783844,127.502065896988,128.419042825699,128.519083023071,128.635409832001,128.93541097641,0.916976928710938,15
time,upleft,0,0,960,540,right,long,long,0.713,1.6,12,12,129.93584895134,130.935880899429,130.935880899429,131.652107000351,131.652107000351,131.668771028519,133.268784046173,134.109830856323,134.20988202095,134.31880402565,134.618922948837,0.841046810150146,15
time,upleft,0,0,960,540,right,inter,short,0.676,0.8,6,6,135.619252920151,136.619241952896,136.619241952896,137.302160978317,137.302160978317,137.318826913834,138.118834018707,139.077694892883,139.177747011185,139.285516023636,139.585515975952,0.958860874176025,15
time,upleft,0,0,960,540,right,inter,inter,0.587,0.8,8,8,144.552666902542,145.552687883377,145.552687883377,146.136009931564,146.136009931564,146.152312994003,146.952378988266,147.76731801033,147.867378950119,147.96893286705,148.26938700676,0.814939022064209,15
time,upleft,0,0,960,540,right,long,inter,0.673,1.6,8,8,149.269379854202,150.268956899643,150.268956899643,150.935627937317,150.935627937317,150.952417850494,152.552309989929,153.765274047852,153.865325927734,153.968994855881,154.269431829453,1.21296405792236,15
time,upleft,0,0,960,540,right,short,long,0.624,0.4,12,12,155.26944899559,156.269018888474,156.269018888474,156.885690927505,156.885690927505,156.902356863022,157.302358865738,158.19603395462,158.296087026596,158.402369976044,158.702376842499,0.893675088882446,15
time,upleft,0,0,960,540,right,long,inter,0.845,1.6,8,8,159.702829837799,160.702838897705,160.702838897705,161.552402973175,161.552402973175,161.569067001343,163.169086933136,164.027001857758,164.127051830292,164.235764980316,164.535766839981,0.857914924621582,15
time,upleft,0,0,960,540,right,short,inter,0.501,0.4,8,8,165.536198854446,166.536232948303,166.536232948303,167.036236047745,167.036236047745,167.052888870239,167.452579021454,167.900840044022,168.000890016556,168.119251012802,168.419137001038,0.448261022567749,15
time,upleft,0,0,960,540,right,inter,long,0.568,0.8,12,12,169.419584035873,170.419593811035,170.419593811035,170.986276865005,170.986276865005,171.002940893173,171.802506923676,172.693655014038,172.793694972992,172.902518033981,173.202961921692,0.891148090362549,15
time,upleft,0,0,960,540,right,inter,short,0.584,0.8,6,6,174.202951908112,175.202535867691,175.202535867691,175.78587603569,175.78587603569,175.802547931671,176.602552890778,177.589516878128,177.689558029175,177.802567005157,178.102567911148,0.986963987350464,15
time,upleft,0,0,960,540,right,short,short,0.554,0.4,6,6,179.103044986725,180.103029966354,180.103029966354,180.652593851089,180.652593851089,180.669257879257,181.069264888763,181.469285964966,181.56932592392,181.685940027237,181.985939025879,0.400021076202393,15
time,upleft,0,0,960,540,right,inter,long,0.937,0.8,12,12,182.986389875412,183.986404895782,183.986404895782,184.919301986694,184.919301986694,184.935967922211,185.735987901688,186.832166910172,186.932209968567,187.03599190712,187.336452960968,1.09617900848389,15
time,upleft,0,0,960,540,right,long,inter,0.988,1.6,8,8,198.553202867508,199.553223848343,199.553223848343,200.536124944687,200.536124944687,200.552795886993,202.152812004089,202.841588020325,202.941637992859,203.05281996727,203.352824926376,0.688776016235352,15
time,upleft,0,0,960,540,right,long,short,0.56,1.6,6,6,209.969972848892,210.970008850098,210.970008850098,211.536233901978,211.536233901978,211.552904844284,213.152916908264,213.794203042984,213.894253969193,214.002926826477,214.302930831909,0.641286134719849,15
time,upleft,0,0,960,540,right,short,short,0.872,0.4,6,6,215.303390026093,216.302947044373,216.302947044373,217.169628858566,217.169628858566,217.186293840408,217.586298942566,217.937104940414,218.037145853043,218.152969837189,218.452970981598,0.350805997848511,15
time,upleft,0,0,960,540,right,inter,short,0.973,0.8,6,6,219.453403949738,220.453421831131,220.453421831131,221.419670820236,221.419670820236,221.436334848404,222.236340045929,222.729972839355,222.830024003983,222.93635392189,223.236352920532,0.493632793426514,15
time,upleft,0,0,960,540,right,inter,short,0.565,0.8,6,6,228.786412000656,229.78684592247,229.78684592247,230.353093862534,230.353093862534,230.369762897491,231.169766902924,231.507725000381,231.607774972916,231.719774007797,232.019778013229,0.337958097457886,15
time,upleft,0,0,960,540,right,inter,inter,0.835,0.8,8,8,233.019785881042,234.020242929459,234.020242929459,234.853133916855,234.853133916855,234.869805812836,235.669811964035,236.333537817001,236.433588981628,236.536489963531,236.836493015289,0.663725852966309,15
time,upleft,0,0,960,540,right,short,long,0.534,0.4,12,12,237.836928844452,238.836935043335,238.836935043335,239.369848012924,239.369848012924,239.386513948441,239.786517858505,241.103427886963,241.203480958939,241.320334911346,241.620328903198,1.31691002845764,15
time,upleft,0,0,960,540,right,short,inter,0.778,0.4,8,8,247.586599826813,248.58703494072,248.58703494072,249.369947910309,249.369947910309,249.386611938477,249.786617040634,250.140940904617,250.240993022919,250.353296041489,250.653416872025,0.354323863983154,15
time,upleft,0,0,960,540,right,short,long,0.522,0.4,12,12,251.653751850128,252.653765916824,252.653765916824,253.169989824295,253.169989824295,253.18665599823,253.586658000946,254.379817008972,254.479867935181,254.586665868759,254.886669874191,0.793159008026123,15
time,upleft,0,0,960,540,right,long,inter,0.61,1.6,8,8,255.887115001678,256.887140035629,256.887140035629,257.503361940384,257.503361940384,257.520031929016,259.120162010193,259.551822900772,259.651873826981,259.753384828568,260.053391933441,0.431660890579224,15
time,upleft,0,0,960,540,right,short,inter,0.981,0.4,8,8,261.053400039673,262.053830862045,262.053830862045,263.036759853363,263.036759853363,263.053416013718,263.453421831131,264.004565954208,264.104627847672,264.220094919205,264.520098924637,0.551144123077393,15
time,upleft,0,0,960,540,right,short,short,0.95,0.4,6,6,265.520562887192,266.520571947098,266.520571947098,267.470253944397,267.470253944397,267.486796855927,267.88680100441,269.09646487236,269.196516036987,269.303937911987,269.603950023651,1.20966386795044,15
time,downleft,0,1080,960,540,right,long,long,0.527,1.6,12,12,3.04244899749756,4.04201006889343,4.04201006889343,4.57534599304199,4.57534599304199,4.59201216697693,6.19203305244446,7.17260217666626,7.27265906333923,7.37537598609924,7.67537808418274,0.980569124221802,16
time,downleft,0,1080,960,540,right,long,short,0.81,1.6,6,6,8.67582511901855,9.67583608627319,9.67583608627319,10.4920690059662,10.4920690059662,10.5087420940399,12.1088781356812,12.6242060661316,12.7242579460144,12.8420970439911,13.1420991420746,0.515327930450439,16
time,downleft,0,1080,960,540,right,inter,short,0.992,0.8,6,6,14.1425499916077,15.1421179771423,15.1421179771423,16.1421301364899,16.1421301364899,16.1587910652161,16.9588031768799,18.2058751583099,18.3059301376343,18.4088180065155,18.7088191509247,1.24707198143005,16
time,downleft,0,1080,960,540,right,short,long,0.743,0.4,12,12,19.7092571258545,20.7092890739441,20.7092890739441,21.4588489532471,21.4588489532471,21.4756319522858,21.8755180835724,22.8939030170441,22.9939551353455,23.108980178833,23.4088690280914,1.01838493347168,16
time,downleft,0,1080,960,540,right,inter,short,0.613,0.8,6,6,24.4093279838562,25.4093141555786,25.4093141555786,26.0255589485168,26.0255589485168,26.0422241687775,26.8422360420227,27.6545729637146,27.7546241283417,27.8589069843292,28.1589109897614,0.812336921691895,16
time,downleft,0,1080,960,540,right,long,long,0.899,1.6,12,12,29.1593661308289,30.1589350700378,30.1589350700378,31.0589430332184,31.0589430332184,31.0756080150604,32.6756200790405,34.7885091304779,34.8885691165924,34.9927680492401,35.2927761077881,2.11288905143738,16
time,downleft,0,1080,960,540,right,inter,inter,0.8,0.8,8,8,36.2927720546722,37.2927770614624,37.2927770614624,38.0923459529877,38.0923459529877,38.1091351509094,38.9090180397034,39.9153380393982,40.0153901576996,40.1256971359253,40.4257011413574,1.00631999969482,16
time,downleft,0,1080,960,540,right,short,short,0.794,0.4,6,6,41.4261541366577,42.4261510372162,42.4261510372162,43.2257270812988,43.2257270812988,43.2423911094666,43.6424021720886,44.1962010860443,44.2962520122528,44.409077167511,44.7090771198273,0.553798913955688,16
time,downleft,0,1080,960,540,right,inter,long,0.806,0.8,12,12,45.709527015686,46.709536075592,46.709536075592,47.5091030597687,47.5091030597687,47.5257680416107,48.325777053833,49.0358920097351,49.1359431743622,49.242457151413,49.5424571037292,0.7101149559021,16
time,downleft,0,1080,960,540,right,inter,short,0.596,0.8,6,6,50.5428950786591,51.5429041385651,51.5429041385651,52.1424820423126,52.1424820423126,52.1591460704803,52.9591541290283,53.9698569774628,54.0699090957642,54.1758370399475,54.4759609699249,1.01070284843445,16
time,downleft,0,1080,960,540,right,inter,long,0.509,0.8,12,12,55.4762959480286,56.4759809970856,56.4759809970856,56.9925291538239,56.9925291538239,57.009192943573,57.8092050552368,59.4966270923615,59.5966730117798,59.709221124649,60.0096790790558,1.68742203712463,16
time,downleft,0,1080,960,540,right,short,inter,0.865,0.4,8,8,61.0096750259399,62.0092420578003,62.0092420578003,62.8759181499481,62.8759181499481,62.892590045929,63.2925939559937,64.2034649848938,64.3035161495209,64.409273147583,64.7092700004578,0.910871028900146,16
time,downleft,0,1080,960,540,right,long,inter,0.823,1.6,8,8,65.7097280025482,66.7097401618958,66.7097401618958,67.52596616745,67.52596616745,67.5426340103149,69.1426510810852,69.71235704422,69.8123979568481,69.9259920120239,70.2259981632233,0.569705963134766,16
time,downleft,0,1080,960,540,right,long,long,0.608,1.6,12,12,71.2264289855957,72.2264420986176,72.2264420986176,72.8264400959015,72.8264400959015,72.8431310653687,74.4426989555359,74.983020067215,75.0830709934235,75.1927111148834,75.492828130722,0.540321111679077,16
time,downleft,0,1080,960,540,right,long,inter,0.636,1.6,8,8,76.4931440353394,77.4931499958038,77.4931499958038,78.1260740756989,78.1260740756989,78.1427409648895,79.7427520751953,80.2008950710297,80.3009459972382,80.4094290733337,80.7094321250916,0.458142995834351,16
time,downleft,0,1080,960,540,right,long,long,0.879,1.6,12,12,81.7098801136017,82.7098939418793,82.7098939418793,83.5927951335907,83.5927951335907,83.6094601154327,85.2094750404358,86.1697809696198,86.2698359489441,86.3761539459229,86.6761610507965,0.96030592918396,16
time,downleft,0,1080,960,540,right,short,inter,0.726,0.4,8,8,87.6766121387482,88.6766180992126,88.6766180992126,89.409520149231,89.409520149231,89.4261860847473,89.8261880874634,91.4316201210022,91.5316710472107,91.6428761482239,91.9428780078888,1.60543203353882,16
time,downleft,0,1080,960,540,right,long,short,0.841,1.6,6,6,92.9433331489563,93.9433300495148,93.9433300495148,94.7762341499329,94.7762341499329,94.7929019927979,96.3929190635681,97.5733561515808,97.6734089851379,97.7762711048126,98.0767221450806,1.1804370880127,16
time,downleft,0,1080,960,540,right,inter,inter,0.955,0.8,8,8,103.72676897049,104.726765155792,104.726765155792,105.676349163055,105.676349163055,105.693014144897,106.493141174316,107.250092983246,107.350144147873,107.459700107574,107.759701967239,0.756951808929443,16
time,downleft,0,1080,960,540,right,long,short,0.798,1.6,6,6,108.760138034821,109.760161161423,109.760161161423,110.559731006622,110.559731006622,110.576395988464,112.176414012909,113.140841007233,113.240894079208,113.343086957932,113.643095016479,0.96442699432373,16
time,downleft,0,1080,960,540,right,long,inter,0.863,1.6,8,8,114.643547058105,115.643552064896,115.643552064896,116.509793996811,116.509793996811,116.52645111084,118.126593112946,119.067724943161,119.167777061462,119.276481151581,119.576486110687,0.941131830215454,16
time,downleft,0,1080,960,540,right,short,inter,0.781,0.4,8,8,120.576943159103,121.57693696022,121.57693696022,122.359842061996,122.359842061996,122.376507997513,122.776515007019,123.671583175659,123.771634101868,123.876523971558,124.176987171173,0.895068168640137,16
time,downleft,0,1080,960,540,right,short,short,0.673,0.4,6,6,125.176964998245,126.176551103592,126.176551103592,126.843225955963,126.843225955963,126.859892129898,127.259891986847,127.851366996765,127.951419115067,128.059903144836,128.359908103943,0.591475009918213,16
time,downleft,0,1080,960,540,right,inter,inter,0.845,0.8,8,8,129.360355138779,130.360356092453,130.360356092453,131.209931135178,131.209931135178,131.226603031158,132.026610136032,132.979176044464,133.079226016998,133.193300008774,133.493406057358,0.952565908432007,16
time,downleft,0,1080,960,540,right,short,long,0.71,0.4,12,12,134.493750095367,135.493772029877,135.493772029877,136.209980010986,136.209980010986,136.22664809227,136.626773118973,137.675066947937,137.775119066238,137.893334150314,138.193773031235,1.04829382896423,16
time,downleft,0,1080,960,540,right,short,short,0.932,0.4,6,6,144.127194166183,145.126861095428,145.126861095428,146.060079097748,146.060079097748,146.076750993729,146.476755142212,147.29586315155,147.395904064178,147.510215044022,147.810107946396,0.819108009338379,16
time,downleft,0,1080,960,540,right,inter,inter,0.656,0.8,8,8,148.810531139374,149.810563087463,149.810563087463,150.460124015808,150.460124015808,150.47678899765,151.276801109314,151.728583097458,151.828633069992,151.943470001221,152.243479967117,0.451781988143921,16
time,downleft,0,1080,960,540,right,short,short,0.979,0.4,6,6,153.24390912056,154.243945121765,154.243945121765,155.226839065552,155.226839065552,155.243505001068,155.643625020981,156.47843503952,156.578477144241,156.693518161774,156.993988037109,0.834810018539429,16
time,downleft,0,1080,960,540,right,long,short,0.779,1.6,6,6,157.993978023529,158.993669986725,158.993669986725,159.776883125305,159.776883125305,159.793549060822,161.393569946289,162.205372095108,162.305413961411,162.410248041153,162.710247039795,0.81180214881897,16
time,downleft,0,1080,960,540,right,short,short,0.906,0.4,6,6,163.710698127747,164.71071600914,164.71071600914,165.610280990601,165.610280990601,165.627058029175,166.026944160461,167.118114948273,167.218158006668,167.326964139938,167.627081155777,1.09117078781128,16
time,downleft,0,1080,960,540,right,inter,inter,0.868,0.8,8,8,168.627163171768,169.627366065979,169.627366065979,170.493775129318,170.493775129318,170.510326147079,171.31033205986,172.631886005402,172.731929063797,172.843687057495,173.144129037857,1.32155394554138,16
time,downleft,0,1080,960,540,right,short,long,0.505,0.4,12,12,178.277511119843,179.277512073517,179.277512073517,179.777506113052,179.777506113052,179.79417514801,180.193753004074,181.759526014328,181.859569072723,181.977108001709,182.277565002441,1.56577301025391,16
time,downleft,0,1080,960,540,right,inter,long,0.794,0.8,12,12,183.277543067932,184.277559041977,184.277559041977,185.07713508606,185.07713508606,185.093803167343,185.893811941147,186.89342212677,186.993464946747,187.110491991043,187.410494089127,0.999610185623169,16
time,downleft,0,1080,960,540,right,long,short,0.945,1.6,6,6,188.410951137543,189.410935163498,189.410935163498,190.3605260849,190.3605260849,190.377191066742,191.977210044861,192.851307153702,192.95134806633,193.060554027557,193.360552072525,0.874097108840942,16
time,downleft,0,1080,960,540,right,short,long,0.515,0.4,12,12,203.394430160522,204.394435167313,204.394435167313,204.911092996597,204.911092996597,204.927780151367,205.32733798027,205.740900039673,205.840940952301,205.944010972977,206.244016170502,0.413562059402466,16
time,downleft,0,1080,960,540,right,short,long,0.528,0.4,12,12,207.244474172592,208.244478940964,208.244478940964,208.777799129486,208.777799129486,208.794480085373,209.194043159485,209.50282907486,209.602880954742,209.710716962814,210.010838985443,0.308785915374756,16
time,downleft,0,1080,960,540,right,long,short,0.582,1.6,6,6,211.011137962341,212.010740995407,212.010740995407,212.594079017639,212.594079017639,212.610743045807,214.210761070251,214.816653013229,214.916705131531,215.02744102478,215.327438116074,0.605891942977905,16
time,downleft,0,1080,960,540,right,long,inter,0.632,1.6,8,8,216.327886104584,217.327877998352,217.327877998352,217.961250066757,217.961250066757,217.977897167206,219.577480077744,220.898344993591,220.998389005661,221.111268043518,221.411288976669,1.32086491584778,16
time,downleft,0,1080,960,540,right,inter,short,0.998,0.8,6,6,222.411275148392,223.411281108856,223.411281108856,224.410865068436,224.410865068436,224.427531003952,225.2275390625,226.728295087814,226.828336000443,226.944226026535,227.244681119919,1.50075602531433,16
time,downleft,0,1080,960,540,right,inter,long,0.58,0.8,12,12,228.244682073593,229.244666099548,229.244666099548,229.828016042709,229.828016042709,229.84469294548,230.644380092621,231.641971111298,231.7420129776,231.844269990921,232.14474606514,0.997591018676758,16
time,downleft,0,1080,960,540,right,inter,long,0.852,0.8,12,12,233.144749164581,234.144416093826,234.144416093826,234.994306087494,234.994306087494,235.011088132858,235.810979127884,236.151839971542,236.251881122589,236.360986948013,236.660984992981,0.340860843658447,16
time,downleft,0,1080,960,540,right,short,inter,0.536,0.4,8,8,237.661427974701,238.661431074142,238.661431074142,239.194348096848,239.194348096848,239.21101307869,239.611019134521,240.204651117325,240.304701089859,240.411029100418,240.711042165756,0.593631982803345,16
time,downleft,0,1080,960,540,right,long,long,0.898,1.6,12,12,246.61150598526,247.611518144608,247.611518144608,248.511223077774,248.511223077774,248.52777504921,250.127788066864,251.484590053558,251.584640979767,251.694468975067,251.994477987289,1.35680198669434,16
time,downleft,0,1080,960,540,right,inter,inter,0.92,0.8,8,8,252.994902133942,253.994928121567,253.994928121567,254.911170959473,254.911170959473,254.927839994431,255.727848052979,256.744100093842,256.84414100647,256.961189985275,257.261655092239,1.01625204086304,16
time,downleft,0,1080,960,540,right,long,inter,0.586,1.6,8,8,258.261624097824,259.261659145355,259.261659145355,259.844973087311,259.844973087311,259.861665010452,261.461236000061,262.980060100555,263.080104112625,263.195039987564,263.495027065277,1.51882410049438,16
time,downleft,0,1080,960,540,right,short,inter,0.726,0.4,8,8,264.495046138763,265.495048999786,265.495048999786,266.227957010269,266.227957010269,266.244614124298,266.644737005234,267.707725048065,267.807775974274,267.911302089691,268.211754083633,1.06298804283142,16
time,downleft,0,1080,960,540,right,inter,short,0.953,0.8,6,6,269.211755990982,270.211323976517,270.211323976517,271.161334991455,271.161334991455,271.17800116539,271.978008031845,272.794715166092,272.89475607872,273.011471033096,273.311355113983,0.816707134246826,16
